training_size, sample_size, accuracy
10000,1000.0,0.766
10000,1000.0,0.75
10000,1000.0,0.752
10000,1000.0,0.738
10000,1000.0,0.77
10000,1000.0,0.737
10000,1000.0,0.765
10000,1000.0,0.759
10000,1000.0,0.756
10000,1000.0,0.757
20000,1000.0,0.785
20000,1000.0,0.802
20000,1000.0,0.815
20000,1000.0,0.83
20000,1000.0,0.799
20000,1000.0,0.802
20000,1000.0,0.8
20000,1000.0,0.805
20000,1000.0,0.809
20000,1000.0,0.809
30000,1000.0,0.794
30000,1000.0,0.811
30000,1000.0,0.79
30000,1000.0,0.808
30000,1000.0,0.826
30000,1000.0,0.784
30000,1000.0,0.807
30000,1000.0,0.773
30000,1000.0,0.82
30000,1000.0,0.793
40000,1000.0,0.727
40000,1000.0,0.759
40000,1000.0,0.754
40000,1000.0,0.758
40000,1000.0,0.744
40000,1000.0,0.744
40000,1000.0,0.775
40000,1000.0,0.76
40000,1000.0,0.765
40000,1000.0,0.733
50000,1000.0,0.812
50000,1000.0,0.807
50000,1000.0,0.811
50000,1000.0,0.789
50000,1000.0,0.808
50000,1000.0,0.816
50000,1000.0,0.809
50000,1000.0,0.802
50000,1000.0,0.823
50000,1000.0,0.818
60000,1000.0,0.815
60000,1000.0,0.803
60000,1000.0,0.811
60000,1000.0,0.807
60000,1000.0,0.795
60000,1000.0,0.813
60000,1000.0,0.813
60000,1000.0,0.799
60000,1000.0,0.809
60000,1000.0,0.812
70000,1000.0,0.797
70000,1000.0,0.794
70000,1000.0,0.782
70000,1000.0,0.804
70000,1000.0,0.793
70000,1000.0,0.79
70000,1000.0,0.797
70000,1000.0,0.798
70000,1000.0,0.773
70000,1000.0,0.809
80000,1000.0,0.822
80000,1000.0,0.811
80000,1000.0,0.819
80000,1000.0,0.827
80000,1000.0,0.827
80000,1000.0,0.816
80000,1000.0,0.831
80000,1000.0,0.828
80000,1000.0,0.812
80000,1000.0,0.838
90000,1000.0,0.794
90000,1000.0,0.821
90000,1000.0,0.82
90000,1000.0,0.814
90000,1000.0,0.834
90000,1000.0,0.807
90000,1000.0,0.836
90000,1000.0,0.816
90000,1000.0,0.812
90000,1000.0,0.801
100000,1000.0,0.836
100000,1000.0,0.819
100000,1000.0,0.844
100000,1000.0,0.828
100000,1000.0,0.838
100000,1000.0,0.813
100000,1000.0,0.831
100000,1000.0,0.869
100000,1000.0,0.848
100000,1000.0,0.841
110000,1000.0,0.814
110000,1000.0,0.819
110000,1000.0,0.787
110000,1000.0,0.853
110000,1000.0,0.823
110000,1000.0,0.805
110000,1000.0,0.819
110000,1000.0,0.81
110000,1000.0,0.822
110000,1000.0,0.805
120000,1000.0,0.832
120000,1000.0,0.81
120000,1000.0,0.834
120000,1000.0,0.842
120000,1000.0,0.842
120000,1000.0,0.829
120000,1000.0,0.824
120000,1000.0,0.815
120000,1000.0,0.816
120000,1000.0,0.828
130000,1000.0,0.823
130000,1000.0,0.824
130000,1000.0,0.806
130000,1000.0,0.802
130000,1000.0,0.822
130000,1000.0,0.822
130000,1000.0,0.842
130000,1000.0,0.831
130000,1000.0,0.809
130000,1000.0,0.816
140000,1000.0,0.845
140000,1000.0,0.808
140000,1000.0,0.832
140000,1000.0,0.843
140000,1000.0,0.837
140000,1000.0,0.835
140000,1000.0,0.823
140000,1000.0,0.815
140000,1000.0,0.815
140000,1000.0,0.831
150000,1000.0,0.81
150000,1000.0,0.824
150000,1000.0,0.83
150000,1000.0,0.842
150000,1000.0,0.827
150000,1000.0,0.822
150000,1000.0,0.829
150000,1000.0,0.833
150000,1000.0,0.807
150000,1000.0,0.838
160000,1000.0,0.837
160000,1000.0,0.816
160000,1000.0,0.823
160000,1000.0,0.842
160000,1000.0,0.823
160000,1000.0,0.841
160000,1000.0,0.818
160000,1000.0,0.825
160000,1000.0,0.837
160000,1000.0,0.834
170000,1000.0,0.823
170000,1000.0,0.836
170000,1000.0,0.827
170000,1000.0,0.838
170000,1000.0,0.818
170000,1000.0,0.818
170000,1000.0,0.799
170000,1000.0,0.834
170000,1000.0,0.796
170000,1000.0,0.815
180000,1000.0,0.821
180000,1000.0,0.809
180000,1000.0,0.822
180000,1000.0,0.812
180000,1000.0,0.797
180000,1000.0,0.833
180000,1000.0,0.817
180000,1000.0,0.827
180000,1000.0,0.813
180000,1000.0,0.806
190000,1000.0,0.803
190000,1000.0,0.835
190000,1000.0,0.822
190000,1000.0,0.846
190000,1000.0,0.817
190000,1000.0,0.817
190000,1000.0,0.828
190000,1000.0,0.817
190000,1000.0,0.832
190000,1000.0,0.831
200000,1000.0,0.789
200000,1000.0,0.792
200000,1000.0,0.767
200000,1000.0,0.797
200000,1000.0,0.81
200000,1000.0,0.793
200000,1000.0,0.788
200000,1000.0,0.8
200000,1000.0,0.778
200000,1000.0,0.799
210000,1000.0,0.848
210000,1000.0,0.834
210000,1000.0,0.824
210000,1000.0,0.826
210000,1000.0,0.806
210000,1000.0,0.834
210000,1000.0,0.824
210000,1000.0,0.838
210000,1000.0,0.822
210000,1000.0,0.819
220000,1000.0,0.834
220000,1000.0,0.823
220000,1000.0,0.848
220000,1000.0,0.823
220000,1000.0,0.826
220000,1000.0,0.818
220000,1000.0,0.847
220000,1000.0,0.832
220000,1000.0,0.807
220000,1000.0,0.818
230000,1000.0,0.815
230000,1000.0,0.844
230000,1000.0,0.821
230000,1000.0,0.823
230000,1000.0,0.838
230000,1000.0,0.824
230000,1000.0,0.805
230000,1000.0,0.813
230000,1000.0,0.844
230000,1000.0,0.842
240000,1000.0,0.827
240000,1000.0,0.821
240000,1000.0,0.857
240000,1000.0,0.83
240000,1000.0,0.847
240000,1000.0,0.798
240000,1000.0,0.835
240000,1000.0,0.833
240000,1000.0,0.806
240000,1000.0,0.836
250000,1000.0,0.833
250000,1000.0,0.823
250000,1000.0,0.832
250000,1000.0,0.832
250000,1000.0,0.848
250000,1000.0,0.831
250000,1000.0,0.852
250000,1000.0,0.841
250000,1000.0,0.814
250000,1000.0,0.835
260000,1000.0,0.827
260000,1000.0,0.816
260000,1000.0,0.817
260000,1000.0,0.824
260000,1000.0,0.806
260000,1000.0,0.83
260000,1000.0,0.816
260000,1000.0,0.827
260000,1000.0,0.822
260000,1000.0,0.844
270000,1000.0,0.828
270000,1000.0,0.844
270000,1000.0,0.819
270000,1000.0,0.836
270000,1000.0,0.822
270000,1000.0,0.833
270000,1000.0,0.829
270000,1000.0,0.836
270000,1000.0,0.829
270000,1000.0,0.835
280000,1000.0,0.828
280000,1000.0,0.814
280000,1000.0,0.85
280000,1000.0,0.827
280000,1000.0,0.832
280000,1000.0,0.825
280000,1000.0,0.826
280000,1000.0,0.837
280000,1000.0,0.828
280000,1000.0,0.826
290000,1000.0,0.815
290000,1000.0,0.782
290000,1000.0,0.776
290000,1000.0,0.784
290000,1000.0,0.783
290000,1000.0,0.807
290000,1000.0,0.8
290000,1000.0,0.79
290000,1000.0,0.771
290000,1000.0,0.81
300000,1000.0,0.834
300000,1000.0,0.843
300000,1000.0,0.841
300000,1000.0,0.813
300000,1000.0,0.823
300000,1000.0,0.833
300000,1000.0,0.827
300000,1000.0,0.832
300000,1000.0,0.82
300000,1000.0,0.819
310000,1000.0,0.83
310000,1000.0,0.828
310000,1000.0,0.797
310000,1000.0,0.843
310000,1000.0,0.822
310000,1000.0,0.837
310000,1000.0,0.843
310000,1000.0,0.825
310000,1000.0,0.836
310000,1000.0,0.827
320000,1000.0,0.821
320000,1000.0,0.852
320000,1000.0,0.833
320000,1000.0,0.835
320000,1000.0,0.822
320000,1000.0,0.833
320000,1000.0,0.826
320000,1000.0,0.811
320000,1000.0,0.825
320000,1000.0,0.834
330000,1000.0,0.835
330000,1000.0,0.83
330000,1000.0,0.84
330000,1000.0,0.842
330000,1000.0,0.828
330000,1000.0,0.823
330000,1000.0,0.825
330000,1000.0,0.84
330000,1000.0,0.841
330000,1000.0,0.838
340000,1000.0,0.84
340000,1000.0,0.836
340000,1000.0,0.852
340000,1000.0,0.837
340000,1000.0,0.815
340000,1000.0,0.828
340000,1000.0,0.842
340000,1000.0,0.821
340000,1000.0,0.824
340000,1000.0,0.826
350000,1000.0,0.824
350000,1000.0,0.835
350000,1000.0,0.842
350000,1000.0,0.845
350000,1000.0,0.826
350000,1000.0,0.828
350000,1000.0,0.822
350000,1000.0,0.854
350000,1000.0,0.848
350000,1000.0,0.832
360000,1000.0,0.827
360000,1000.0,0.817
360000,1000.0,0.859
360000,1000.0,0.828
360000,1000.0,0.84
360000,1000.0,0.85
360000,1000.0,0.823
360000,1000.0,0.854
360000,1000.0,0.834
360000,1000.0,0.839
370000,1000.0,0.834
370000,1000.0,0.837
370000,1000.0,0.854
370000,1000.0,0.824
370000,1000.0,0.836
370000,1000.0,0.827
370000,1000.0,0.829
370000,1000.0,0.83
370000,1000.0,0.813
370000,1000.0,0.821
380000,1000.0,0.828
380000,1000.0,0.838
380000,1000.0,0.825
380000,1000.0,0.845
380000,1000.0,0.819
380000,1000.0,0.822
380000,1000.0,0.825
380000,1000.0,0.808
380000,1000.0,0.831
380000,1000.0,0.843
390000,1000.0,0.85
390000,1000.0,0.839
390000,1000.0,0.82
390000,1000.0,0.815
390000,1000.0,0.831
390000,1000.0,0.836
390000,1000.0,0.823
390000,1000.0,0.844
390000,1000.0,0.831
390000,1000.0,0.824
400000,1000.0,0.838
400000,1000.0,0.824
400000,1000.0,0.824
400000,1000.0,0.836
400000,1000.0,0.813
400000,1000.0,0.844
400000,1000.0,0.841
400000,1000.0,0.82
400000,1000.0,0.84
400000,1000.0,0.849
410000,1000.0,0.83
410000,1000.0,0.83
410000,1000.0,0.843
410000,1000.0,0.846
410000,1000.0,0.85
410000,1000.0,0.84
410000,1000.0,0.838
410000,1000.0,0.847
410000,1000.0,0.83
410000,1000.0,0.843
420000,1000.0,0.823
420000,1000.0,0.826
420000,1000.0,0.823
420000,1000.0,0.81
420000,1000.0,0.845
420000,1000.0,0.813
420000,1000.0,0.815
420000,1000.0,0.802
420000,1000.0,0.805
420000,1000.0,0.819
430000,1000.0,0.847
430000,1000.0,0.84
430000,1000.0,0.829
430000,1000.0,0.85
430000,1000.0,0.813
430000,1000.0,0.83
430000,1000.0,0.819
430000,1000.0,0.828
430000,1000.0,0.834
430000,1000.0,0.843
440000,1000.0,0.824
440000,1000.0,0.835
440000,1000.0,0.816
440000,1000.0,0.825
440000,1000.0,0.827
440000,1000.0,0.831
440000,1000.0,0.825
440000,1000.0,0.839
440000,1000.0,0.837
440000,1000.0,0.837
450000,1000.0,0.844
450000,1000.0,0.837
450000,1000.0,0.858
450000,1000.0,0.846
450000,1000.0,0.84
450000,1000.0,0.828
450000,1000.0,0.817
450000,1000.0,0.829
450000,1000.0,0.841
450000,1000.0,0.835
460000,1000.0,0.823
460000,1000.0,0.838
460000,1000.0,0.813
460000,1000.0,0.839
460000,1000.0,0.835
460000,1000.0,0.844
460000,1000.0,0.824
460000,1000.0,0.824
460000,1000.0,0.829
460000,1000.0,0.838
470000,1000.0,0.82
470000,1000.0,0.832
470000,1000.0,0.828
470000,1000.0,0.817
470000,1000.0,0.846
470000,1000.0,0.826
470000,1000.0,0.833
470000,1000.0,0.801
470000,1000.0,0.827
470000,1000.0,0.809
480000,1000.0,0.836
480000,1000.0,0.824
480000,1000.0,0.829
480000,1000.0,0.835
480000,1000.0,0.829
480000,1000.0,0.827
480000,1000.0,0.828
480000,1000.0,0.843
480000,1000.0,0.806
480000,1000.0,0.823
490000,1000.0,0.848
490000,1000.0,0.824
490000,1000.0,0.821
490000,1000.0,0.833
490000,1000.0,0.828
490000,1000.0,0.817
490000,1000.0,0.837
490000,1000.0,0.84
490000,1000.0,0.816
490000,1000.0,0.824
500000,1000.0,0.845
500000,1000.0,0.808
500000,1000.0,0.816
500000,1000.0,0.826
500000,1000.0,0.837
500000,1000.0,0.829
500000,1000.0,0.826
500000,1000.0,0.838
500000,1000.0,0.818
500000,1000.0,0.821
510000,1000.0,0.839
510000,1000.0,0.818
510000,1000.0,0.825
510000,1000.0,0.81
510000,1000.0,0.839
510000,1000.0,0.834
510000,1000.0,0.816
510000,1000.0,0.828
510000,1000.0,0.844
510000,1000.0,0.837
520000,1000.0,0.798
520000,1000.0,0.817
520000,1000.0,0.814
520000,1000.0,0.818
520000,1000.0,0.843
520000,1000.0,0.807
520000,1000.0,0.828
520000,1000.0,0.792
520000,1000.0,0.831
520000,1000.0,0.825
530000,1000.0,0.818
530000,1000.0,0.833
530000,1000.0,0.807
530000,1000.0,0.83
530000,1000.0,0.813
530000,1000.0,0.814
530000,1000.0,0.837
530000,1000.0,0.814
530000,1000.0,0.826
530000,1000.0,0.82
540000,1000.0,0.815
540000,1000.0,0.839
540000,1000.0,0.834
540000,1000.0,0.815
540000,1000.0,0.834
540000,1000.0,0.833
540000,1000.0,0.825
540000,1000.0,0.843
540000,1000.0,0.847
540000,1000.0,0.817
550000,1000.0,0.816
550000,1000.0,0.842
550000,1000.0,0.831
550000,1000.0,0.833
550000,1000.0,0.848
550000,1000.0,0.836
550000,1000.0,0.819
550000,1000.0,0.852
550000,1000.0,0.829
550000,1000.0,0.826
560000,1000.0,0.823
560000,1000.0,0.835
560000,1000.0,0.84
560000,1000.0,0.845
560000,1000.0,0.847
560000,1000.0,0.816
560000,1000.0,0.832
560000,1000.0,0.826
560000,1000.0,0.831
560000,1000.0,0.83
570000,1000.0,0.859
570000,1000.0,0.833
570000,1000.0,0.826
570000,1000.0,0.825
570000,1000.0,0.833
570000,1000.0,0.83
570000,1000.0,0.819
570000,1000.0,0.831
570000,1000.0,0.848
570000,1000.0,0.833
580000,1000.0,0.812
580000,1000.0,0.797
580000,1000.0,0.833
580000,1000.0,0.848
580000,1000.0,0.815
580000,1000.0,0.843
580000,1000.0,0.825
580000,1000.0,0.841
580000,1000.0,0.832
580000,1000.0,0.833
590000,1000.0,0.816
590000,1000.0,0.82
590000,1000.0,0.818
590000,1000.0,0.842
590000,1000.0,0.859
590000,1000.0,0.818
590000,1000.0,0.837
590000,1000.0,0.825
590000,1000.0,0.839
590000,1000.0,0.815
600000,1000.0,0.844
600000,1000.0,0.846
600000,1000.0,0.832
600000,1000.0,0.832
600000,1000.0,0.832
600000,1000.0,0.833
600000,1000.0,0.86
600000,1000.0,0.82
600000,1000.0,0.814
600000,1000.0,0.837
610000,1000.0,0.834
610000,1000.0,0.822
610000,1000.0,0.835
610000,1000.0,0.818
610000,1000.0,0.83
610000,1000.0,0.838
610000,1000.0,0.829
610000,1000.0,0.832
610000,1000.0,0.839
610000,1000.0,0.852
620000,1000.0,0.838
620000,1000.0,0.832
620000,1000.0,0.831
620000,1000.0,0.833
620000,1000.0,0.836
620000,1000.0,0.83
620000,1000.0,0.822
620000,1000.0,0.83
620000,1000.0,0.837
620000,1000.0,0.797
630000,1000.0,0.804
630000,1000.0,0.804
630000,1000.0,0.827
630000,1000.0,0.821
630000,1000.0,0.788
630000,1000.0,0.833
630000,1000.0,0.815
630000,1000.0,0.81
630000,1000.0,0.812
630000,1000.0,0.822
640000,1000.0,0.833
640000,1000.0,0.827
640000,1000.0,0.807
640000,1000.0,0.843
640000,1000.0,0.824
640000,1000.0,0.827
640000,1000.0,0.828
640000,1000.0,0.818
640000,1000.0,0.855
640000,1000.0,0.813
650000,1000.0,0.843
650000,1000.0,0.836
650000,1000.0,0.826
650000,1000.0,0.838
650000,1000.0,0.845
650000,1000.0,0.816
650000,1000.0,0.84
650000,1000.0,0.846
650000,1000.0,0.836
650000,1000.0,0.82
660000,1000.0,0.809
660000,1000.0,0.814
660000,1000.0,0.801
660000,1000.0,0.825
660000,1000.0,0.799
660000,1000.0,0.822
660000,1000.0,0.829
660000,1000.0,0.797
660000,1000.0,0.82
660000,1000.0,0.803
670000,1000.0,0.797
670000,1000.0,0.834
670000,1000.0,0.838
670000,1000.0,0.854
670000,1000.0,0.828
670000,1000.0,0.817
670000,1000.0,0.83
670000,1000.0,0.813
670000,1000.0,0.812
670000,1000.0,0.829
680000,1000.0,0.813
680000,1000.0,0.836
680000,1000.0,0.816
680000,1000.0,0.828
680000,1000.0,0.81
680000,1000.0,0.832
680000,1000.0,0.821
680000,1000.0,0.83
680000,1000.0,0.837
680000,1000.0,0.829
690000,1000.0,0.839
690000,1000.0,0.851
690000,1000.0,0.822
690000,1000.0,0.844
690000,1000.0,0.838
690000,1000.0,0.83
690000,1000.0,0.845
690000,1000.0,0.821
690000,1000.0,0.852
690000,1000.0,0.855
700000,1000.0,0.841
700000,1000.0,0.845
700000,1000.0,0.829
700000,1000.0,0.815
700000,1000.0,0.853
700000,1000.0,0.808
700000,1000.0,0.833
700000,1000.0,0.837
700000,1000.0,0.78
700000,1000.0,0.827
710000,1000.0,0.825
710000,1000.0,0.846
710000,1000.0,0.817
710000,1000.0,0.818
710000,1000.0,0.823
710000,1000.0,0.818
710000,1000.0,0.82
710000,1000.0,0.833
710000,1000.0,0.834
710000,1000.0,0.831
720000,1000.0,0.827
720000,1000.0,0.802
720000,1000.0,0.855
720000,1000.0,0.807
720000,1000.0,0.825
720000,1000.0,0.843
720000,1000.0,0.846
720000,1000.0,0.839
720000,1000.0,0.835
720000,1000.0,0.84
730000,1000.0,0.837
730000,1000.0,0.821
730000,1000.0,0.811
730000,1000.0,0.814
730000,1000.0,0.832
730000,1000.0,0.811
730000,1000.0,0.814
730000,1000.0,0.829
730000,1000.0,0.834
730000,1000.0,0.839
740000,1000.0,0.817
740000,1000.0,0.833
740000,1000.0,0.823
740000,1000.0,0.838
740000,1000.0,0.822
740000,1000.0,0.832
740000,1000.0,0.822
740000,1000.0,0.829
740000,1000.0,0.828
740000,1000.0,0.853
750000,1000.0,0.839
750000,1000.0,0.845
750000,1000.0,0.835
750000,1000.0,0.818
750000,1000.0,0.831
750000,1000.0,0.826
750000,1000.0,0.817
750000,1000.0,0.83
750000,1000.0,0.843
750000,1000.0,0.86
760000,1000.0,0.836
760000,1000.0,0.804
760000,1000.0,0.808
760000,1000.0,0.822
760000,1000.0,0.815
760000,1000.0,0.822
760000,1000.0,0.831
760000,1000.0,0.81
760000,1000.0,0.811
760000,1000.0,0.826
770000,1000.0,0.839
770000,1000.0,0.838
770000,1000.0,0.838
770000,1000.0,0.84
770000,1000.0,0.822
770000,1000.0,0.834
770000,1000.0,0.821
770000,1000.0,0.837
770000,1000.0,0.835
770000,1000.0,0.82
780000,1000.0,0.825
780000,1000.0,0.831
780000,1000.0,0.835
780000,1000.0,0.825
780000,1000.0,0.815
780000,1000.0,0.826
780000,1000.0,0.831
780000,1000.0,0.812
780000,1000.0,0.822
780000,1000.0,0.826
790000,1000.0,0.842
790000,1000.0,0.842
790000,1000.0,0.829
790000,1000.0,0.834
790000,1000.0,0.804
790000,1000.0,0.84
790000,1000.0,0.835
790000,1000.0,0.826
790000,1000.0,0.833
790000,1000.0,0.845
800000,1000.0,0.812
800000,1000.0,0.832
800000,1000.0,0.821
800000,1000.0,0.823
800000,1000.0,0.836
800000,1000.0,0.822
800000,1000.0,0.833
800000,1000.0,0.839
800000,1000.0,0.818
800000,1000.0,0.846
810000,1000.0,0.831
810000,1000.0,0.821
810000,1000.0,0.82
810000,1000.0,0.829
810000,1000.0,0.822
810000,1000.0,0.822
810000,1000.0,0.824
810000,1000.0,0.809
810000,1000.0,0.84
810000,1000.0,0.818
820000,1000.0,0.823
820000,1000.0,0.83
820000,1000.0,0.835
820000,1000.0,0.815
820000,1000.0,0.82
820000,1000.0,0.829
820000,1000.0,0.834
820000,1000.0,0.832
820000,1000.0,0.843
820000,1000.0,0.847
830000,1000.0,0.836
830000,1000.0,0.848
830000,1000.0,0.822
830000,1000.0,0.837
830000,1000.0,0.822
830000,1000.0,0.841
830000,1000.0,0.836
830000,1000.0,0.839
830000,1000.0,0.828
830000,1000.0,0.839
840000,1000.0,0.84
840000,1000.0,0.83
840000,1000.0,0.837
840000,1000.0,0.831
840000,1000.0,0.829
840000,1000.0,0.828
840000,1000.0,0.826
840000,1000.0,0.837
840000,1000.0,0.822
840000,1000.0,0.818
850000,1000.0,0.824
850000,1000.0,0.835
850000,1000.0,0.829
850000,1000.0,0.815
850000,1000.0,0.822
850000,1000.0,0.821
850000,1000.0,0.83
850000,1000.0,0.858
850000,1000.0,0.841
850000,1000.0,0.841
860000,1000.0,0.847
860000,1000.0,0.852
860000,1000.0,0.809
860000,1000.0,0.839
860000,1000.0,0.82
860000,1000.0,0.846
860000,1000.0,0.813
860000,1000.0,0.833
860000,1000.0,0.838
860000,1000.0,0.825
870000,1000.0,0.842
870000,1000.0,0.84
870000,1000.0,0.842
870000,1000.0,0.842
870000,1000.0,0.833
870000,1000.0,0.82
870000,1000.0,0.833
870000,1000.0,0.812
870000,1000.0,0.816
870000,1000.0,0.841
880000,1000.0,0.834
880000,1000.0,0.806
880000,1000.0,0.824
880000,1000.0,0.827
880000,1000.0,0.83
880000,1000.0,0.841
880000,1000.0,0.823
880000,1000.0,0.825
880000,1000.0,0.809
880000,1000.0,0.822
890000,1000.0,0.829
890000,1000.0,0.843
890000,1000.0,0.828
890000,1000.0,0.82
890000,1000.0,0.828
890000,1000.0,0.842
890000,1000.0,0.824
890000,1000.0,0.835
890000,1000.0,0.843
890000,1000.0,0.822
900000,1000.0,0.823
900000,1000.0,0.825
900000,1000.0,0.84
900000,1000.0,0.838
900000,1000.0,0.842
900000,1000.0,0.835
900000,1000.0,0.827
900000,1000.0,0.847
900000,1000.0,0.836
900000,1000.0,0.826
910000,1000.0,0.824
910000,1000.0,0.792
910000,1000.0,0.833
910000,1000.0,0.846
910000,1000.0,0.85
910000,1000.0,0.807
910000,1000.0,0.83
910000,1000.0,0.836
910000,1000.0,0.827
910000,1000.0,0.809
920000,1000.0,0.81
920000,1000.0,0.839
920000,1000.0,0.799
920000,1000.0,0.834
920000,1000.0,0.84
920000,1000.0,0.819
920000,1000.0,0.806
920000,1000.0,0.822
920000,1000.0,0.805
920000,1000.0,0.8
930000,1000.0,0.801
930000,1000.0,0.845
930000,1000.0,0.817
930000,1000.0,0.833
930000,1000.0,0.845
930000,1000.0,0.812
930000,1000.0,0.836
930000,1000.0,0.828
930000,1000.0,0.841
930000,1000.0,0.845
940000,1000.0,0.845
940000,1000.0,0.831
940000,1000.0,0.846
940000,1000.0,0.826
940000,1000.0,0.835
940000,1000.0,0.835
940000,1000.0,0.836
940000,1000.0,0.854
940000,1000.0,0.842
940000,1000.0,0.827
950000,1000.0,0.858
950000,1000.0,0.837
950000,1000.0,0.81
950000,1000.0,0.837
950000,1000.0,0.848
950000,1000.0,0.825
950000,1000.0,0.84
950000,1000.0,0.815
950000,1000.0,0.826
950000,1000.0,0.855
960000,1000.0,0.862
960000,1000.0,0.837
960000,1000.0,0.825
960000,1000.0,0.829
960000,1000.0,0.818
960000,1000.0,0.835
960000,1000.0,0.808
960000,1000.0,0.83
960000,1000.0,0.822
960000,1000.0,0.829
970000,1000.0,0.85
970000,1000.0,0.845
970000,1000.0,0.831
970000,1000.0,0.833
970000,1000.0,0.835
970000,1000.0,0.83
970000,1000.0,0.813
970000,1000.0,0.842
970000,1000.0,0.834
970000,1000.0,0.851
980000,1000.0,0.855
980000,1000.0,0.838
980000,1000.0,0.828
980000,1000.0,0.823
980000,1000.0,0.813
980000,1000.0,0.822
980000,1000.0,0.843
980000,1000.0,0.825
980000,1000.0,0.838
980000,1000.0,0.855
990000,1000.0,0.829
990000,1000.0,0.832
990000,1000.0,0.821
990000,1000.0,0.816
990000,1000.0,0.83
990000,1000.0,0.826
990000,1000.0,0.835
990000,1000.0,0.793
990000,1000.0,0.81
990000,1000.0,0.836
1000000,1000.0,0.838
1000000,1000.0,0.826
1000000,1000.0,0.814
1000000,1000.0,0.823
1000000,1000.0,0.85
1000000,1000.0,0.825
1000000,1000.0,0.846
1000000,1000.0,0.835
1000000,1000.0,0.833
1000000,1000.0,0.811
1010000,1000.0,0.828
1010000,1000.0,0.831
1010000,1000.0,0.836
1010000,1000.0,0.827
1010000,1000.0,0.844
1010000,1000.0,0.845
1010000,1000.0,0.821
1010000,1000.0,0.833
1010000,1000.0,0.819
1010000,1000.0,0.83
1020000,1000.0,0.829
1020000,1000.0,0.83
1020000,1000.0,0.83
1020000,1000.0,0.848
1020000,1000.0,0.822
1020000,1000.0,0.827
1020000,1000.0,0.837
1020000,1000.0,0.831
1020000,1000.0,0.839
1020000,1000.0,0.824
1030000,1000.0,0.837
1030000,1000.0,0.837
1030000,1000.0,0.81
1030000,1000.0,0.838
1030000,1000.0,0.836
1030000,1000.0,0.819
1030000,1000.0,0.814
1030000,1000.0,0.84
1030000,1000.0,0.831
1030000,1000.0,0.849
1040000,1000.0,0.815
1040000,1000.0,0.829
1040000,1000.0,0.814
1040000,1000.0,0.812
1040000,1000.0,0.831
1040000,1000.0,0.839
1040000,1000.0,0.861
1040000,1000.0,0.829
1040000,1000.0,0.818
1040000,1000.0,0.842
1050000,1000.0,0.844
1050000,1000.0,0.836
1050000,1000.0,0.838
1050000,1000.0,0.838
1050000,1000.0,0.826
1050000,1000.0,0.83
1050000,1000.0,0.822
1050000,1000.0,0.815
1050000,1000.0,0.824
1050000,1000.0,0.832
1060000,1000.0,0.831
1060000,1000.0,0.791
1060000,1000.0,0.831
1060000,1000.0,0.851
1060000,1000.0,0.845
1060000,1000.0,0.832
1060000,1000.0,0.842
1060000,1000.0,0.848
1060000,1000.0,0.798
1060000,1000.0,0.845
1070000,1000.0,0.835
1070000,1000.0,0.835
1070000,1000.0,0.815
1070000,1000.0,0.835
1070000,1000.0,0.844
1070000,1000.0,0.828
1070000,1000.0,0.822
1070000,1000.0,0.836
1070000,1000.0,0.835
1070000,1000.0,0.822
1080000,1000.0,0.843
1080000,1000.0,0.831
1080000,1000.0,0.821
1080000,1000.0,0.813
1080000,1000.0,0.803
1080000,1000.0,0.831
1080000,1000.0,0.812
1080000,1000.0,0.827
1080000,1000.0,0.818
1080000,1000.0,0.83
1090000,1000.0,0.835
1090000,1000.0,0.825
1090000,1000.0,0.842
1090000,1000.0,0.813
1090000,1000.0,0.821
1090000,1000.0,0.826
1090000,1000.0,0.828
1090000,1000.0,0.855
1090000,1000.0,0.81
1090000,1000.0,0.837
1100000,1000.0,0.799
1100000,1000.0,0.849
1100000,1000.0,0.834
1100000,1000.0,0.832
1100000,1000.0,0.848
1100000,1000.0,0.836
1100000,1000.0,0.831
1100000,1000.0,0.842
1100000,1000.0,0.823
1100000,1000.0,0.838
1110000,1000.0,0.837
1110000,1000.0,0.847
1110000,1000.0,0.829
1110000,1000.0,0.844
1110000,1000.0,0.823
1110000,1000.0,0.822
1110000,1000.0,0.801
1110000,1000.0,0.834
1110000,1000.0,0.837
1110000,1000.0,0.838
1120000,1000.0,0.826
1120000,1000.0,0.837
1120000,1000.0,0.841
1120000,1000.0,0.831
1120000,1000.0,0.829
1120000,1000.0,0.841
1120000,1000.0,0.832
1120000,1000.0,0.83
1120000,1000.0,0.823
1120000,1000.0,0.836
1130000,1000.0,0.797
1130000,1000.0,0.805
1130000,1000.0,0.802
1130000,1000.0,0.807
1130000,1000.0,0.81
1130000,1000.0,0.815
1130000,1000.0,0.782
1130000,1000.0,0.804
1130000,1000.0,0.808
1130000,1000.0,0.81
1140000,1000.0,0.835
1140000,1000.0,0.826
1140000,1000.0,0.848
1140000,1000.0,0.816
1140000,1000.0,0.85
1140000,1000.0,0.834
1140000,1000.0,0.84
1140000,1000.0,0.84
1140000,1000.0,0.833
1140000,1000.0,0.856
1150000,1000.0,0.817
1150000,1000.0,0.819
1150000,1000.0,0.804
1150000,1000.0,0.819
1150000,1000.0,0.82
1150000,1000.0,0.84
1150000,1000.0,0.826
1150000,1000.0,0.822
1150000,1000.0,0.826
1150000,1000.0,0.839
1160000,1000.0,0.803
1160000,1000.0,0.847
1160000,1000.0,0.81
1160000,1000.0,0.835
1160000,1000.0,0.803
1160000,1000.0,0.838
1160000,1000.0,0.832
1160000,1000.0,0.825
1160000,1000.0,0.842
1160000,1000.0,0.817
1170000,1000.0,0.839
1170000,1000.0,0.838
1170000,1000.0,0.824
1170000,1000.0,0.808
1170000,1000.0,0.825
1170000,1000.0,0.831
1170000,1000.0,0.825
1170000,1000.0,0.817
1170000,1000.0,0.825
1170000,1000.0,0.83
1180000,1000.0,0.824
1180000,1000.0,0.839
1180000,1000.0,0.815
1180000,1000.0,0.833
1180000,1000.0,0.823
1180000,1000.0,0.837
1180000,1000.0,0.833
1180000,1000.0,0.836
1180000,1000.0,0.829
1180000,1000.0,0.819
1190000,1000.0,0.838
1190000,1000.0,0.835
1190000,1000.0,0.834
1190000,1000.0,0.827
1190000,1000.0,0.832
1190000,1000.0,0.842
1190000,1000.0,0.823
1190000,1000.0,0.837
1190000,1000.0,0.85
1190000,1000.0,0.813
1200000,1000.0,0.844
1200000,1000.0,0.829
1200000,1000.0,0.825
1200000,1000.0,0.829
1200000,1000.0,0.822
1200000,1000.0,0.856
1200000,1000.0,0.844
1200000,1000.0,0.811
1200000,1000.0,0.813
1200000,1000.0,0.845
1210000,1000.0,0.832
1210000,1000.0,0.799
1210000,1000.0,0.833
1210000,1000.0,0.81
1210000,1000.0,0.817
1210000,1000.0,0.824
1210000,1000.0,0.814
1210000,1000.0,0.819
1210000,1000.0,0.804
1210000,1000.0,0.813
1220000,1000.0,0.808
1220000,1000.0,0.847
1220000,1000.0,0.821
1220000,1000.0,0.83
1220000,1000.0,0.834
1220000,1000.0,0.842
1220000,1000.0,0.829
1220000,1000.0,0.821
1220000,1000.0,0.836
1220000,1000.0,0.863
1230000,1000.0,0.829
1230000,1000.0,0.851508120649652
